{
  "id": "circle_left_sweep",
  "name": "Волна слева",
  "description": "Взрывная волна, поражающая до 2 целей слева направо",
  "type": "area",
  
  "trajectory": {
    "segments": [
      {
        "type": "circle",
        "range": 3,
        "collision": {
          "walls": true,
          "tokens": {
            "owner": false,
            "ally": false,
            "other": true
          }
        },
        "onHit": "next",
        "hitOrder": "left",
        "hitAmount": 2
      }
    ]
  }
}
