{
  "id": "cone_blast",
  "name": "Конусный залп",
  "description": "Атака конусом 90 градусов",
  "type": "area",
  
  "trajectory": {
    "segments": [
      {
        "type": "cone",
        "direction": 0,
        "range": 4,
        "angle": 90,
        "cut": 0,
        "collision": {
          "walls": true,
          "tokens": {
            "owner": false,
            "ally": false,
            "other": true
          }
        },
        "onHit": "next",
        "hitOrder": "near",
        "hitAmount": 1
      }
    ]
  }
}
