{
  "id": "cone_far_priority",
  "name": "Конус с приоритетом дальних целей",
  "description": "Поражает только самую дальнюю цель в конусе",
  "type": "area",
  
  "trajectory": {
    "segments": [
      {
        "type": "cone",
        "direction": 0,
        "range": 5,
        "angle": 60,
        "cut": 0,
        "collision": {
          "walls": true,
          "tokens": {
            "owner": false,
            "ally": false,
            "other": true
          }
        },
        "onHit": "stop",
        "hitOrder": "left",
        "hitAmount": 1
      }
    ]
  }
}
