{
  "id": "explosion",
  "name": "Взрыв",
  "description": "Круговой взрыв с фиксированным радиусом",
  "type": "area",
  
  "trajectory": {
    "segments": [
      {
        "type": "circle",
        "direction": 0,
        "range": 3,
        "collision": {
          "walls": true,
          "tokens": {
            "owner": false,
            "ally": true,
            "other": true
          }
        },
        "onHit": "next",
        "hitOrder": "near"
      }
    ]
  }
}
