{
  "id": "rocket",
  "name": "Ракета",
  "description": "Летит прямо, потом взрывается",
  "type": "complex",
  
  "trajectory": {
    "segments": [
      {
        "type": "line",
        "direction": 0,
        "length": 5,
        "collision": {
          "walls": true,
          "tokens": {
            "owner": false,
            "ally": true,
            "other": true
          }
        },
        "onHit": "need"
      },
      {
        "type": "circle",
        "direction": 0,
        "range": 2,
        "collision": {
          "walls": true,
          "tokens": {
            "owner": false,
            "ally": true,
            "other": true
          }
        },
        "onHit": "stop"
      }
    ]
  }
}
