{
  "id": "straight_line",
  "name": "Прямая линия",
  "description": "Классическая прямолинейная траектория без отклонений",
  "type": "linear",
  
  "trajectory": {
    "segments": [
      {
        "type": "line",
        "direction": 0,
        "length": 1,
        "collision": {
          "walls": true,
          "tokens": {
            "owner": false,
            "ally": true,
            "other": true
          }
        },
        "onHit": "stop"
      }
    ]
  }
}
