{
  "id": "sword_swing",
  "name": "Размах меча",
  "description": "Широкая атака мечом с размахом от левого плеча к правому бедру",
  "type": "melee",
  
  "trajectory": {
    "segments": [
      {
        "type": "swing",
        "direction": 90,
        "range": 1,
        "angle": 15,
        "cut": 0.5,
        "directionStep": 15,
        "rangeStep": 0.2,
        "count": 7,
        "collision": {
          "walls": true,
          "tokens": {
            "owner": false,
            "ally": true,
            "other": true
          }
        },
        "onHit": "skip",
        "hitOrder": "near",
        "hitAmount": 1
      }
    ]
  }
}
