{
  "id": "zigzag_line",
  "name": "Зигзаг",
  "description": "Траектория с несколькими отрезками под разными углами",
  "type": "complex",
  
  "trajectory": {
    "segments": [
      {
        "type": "line",
        "direction": 0,
        "length": 2,
        "collision": {
          "walls": true,
          "tokens": {
            "owner": false,
            "ally": true,
            "other": true
          }
        },
        "props": {
          "penetration": false,
          "ricochet": false
        },
        "onHit": "stop"
      },
      {
        "type": "line",
        "direction": 45,
        "length": 2,
        "collision": {
          "walls": true,
          "tokens": {
            "owner": false,
            "ally": true,
            "other": true
          }
        },
        "props": {
          "penetration": false,
          "ricochet": false
        },
        "onHit": "stop"
      },
      {
        "type": "line",
        "direction": -45,
        "length": 2,
        "collision": {
          "walls": true,
          "tokens": {
            "owner": false,
            "ally": true,
            "other": true
          }
        },
        "props": {
          "penetration": false,
          "ricochet": false
        },
        "onHit": "stop"
      }
    ]
  }
}
