{
    "id":  "spaceholder",
    "title":  "SpaceHolder",
    "description":  "The SpaceHolder system for FoundryVTT!",
    "authors":  [
                    {
                        "name":  "Asacolips",
                        "discord":  "asacolips"
                    },
                    {
                        "name":  "Lee Talman",
                        "discord":  ".pizzaWizard"
                    }
                ],
    "url":  "https://github.com/Duugrim/spaceholder",
    "license":  "LICENSE.txt",
    "readme":  "README.md",
    "bugs":  "https://github.com/Duugrim/spaceholder/issues",
    "changelog":  "CHANGELOG.md",
    "media":  [
                  {
                      "type":  "setup",
                      "url":  "systems/spaceholder/assets/anvil-impact.png",
                      "thumbnail":  "systems/spaceholder/assets/anvil-impact.png"
                  }
              ],
    "version":  "0.89",
    "compatibility":  {
                          "minimum":  13,
                          "verified":  "13"
                      },
    "esmodules":  [
                      "module/spaceholder.mjs"
                  ],
    "styles":  [
                   "css/spaceholder.css"
               ],
    "languages":  [
                      {
                          "lang":  "en",
                          "name":  "English",
                          "path":  "lang/en.json"
                      }
                  ],
    "packs":  [

              ],
    "packFolders":  [

                    ],
    "socket":  true,
    "manifest":  "https://github.com/Duugrim/spaceholder/releases/latest/download/system.json",
    "download":  "https://github.com/Duugrim/spaceholder/releases/latest/download/spaceholder.zip",
    "background":  "systems/spaceholder/assets/anvil-impact.png",
    "grid":  {
                 "distance":  1,
                 "units":  "m"
             },
    "primaryTokenAttribute":  "health",
    "secondaryTokenAttribute":  "power"
}
