{
  "Actor": {
    "types": ["character", "npc", "globalobject"],
    "templates": {
      "base": {
        "anatomy": {
          "type": null,
          "bodyParts": {}
        },
        "health": {
          "injuries": []
        },
        "power": {
          "value": 5,
          "min": 0,
          "max": 5
        },
        "biography": ""
      }
    },
    "character": {
      "templates": ["base"],
      "attributes": {
        "level": {
          "value": 1
        }
      },
      "abilities": {
        "end": { "value": 10 },
        "str": { "value": 10 },
        "dex": { "value": 10 },
        "cor": { "value": 10 },
        "per": { "value": 10 },
        "int": { "value": 10 },
        "luc": { "value": 10 }
      }
    },
    "npc": {
      "templates": ["base"],
      "cr": 0
    },
    "globalobject": {
      "gRange": 100,
      "gPower": 1,
      "gSide": "neutral",
      "gLink": "",
      "gFaction": "",
      "biography": ""
    }
  },
  "Item": {
    "types": ["item", "feature", "spell"],
    "templates": {
      "base": {
        "description": ""
      }
    },
    "item": {
      "templates": ["base"],
      "quantity": 1,
      "weight": 0,
      "formula": "d20 + @str.mod + ceil(@lvl / 2)"
    },
    "feature": {
      "templates": ["base"]
    },
    "spell": {
      "templates": ["base"],
      "spellLevel": 1
    }
  }
}
