{
  "biomeColors": [
    { 
      "id": 0, 
      "name": "Айсберг", 
      "color": "E0F0F8",
      "pattern": {
        "type": "dots",
        "spacing": 3.0,
        "lineWidth": 0.3,
        "darkenFactor": 0.2,
        "opacity": 0.6
      }
    },
    { 
      "id": 1, 
      "name": "Ледяной океан", 
      "color": "1D334A"
    },
    { 
      "id": 2, 
      "name": "Океан", 
      "color": "1A4780"
    },
    { 
      "id": 3, 
      "name": "Тёплый океан", 
      "color": "3880C8"
    },
    { 
      "id": 4, 
      "name": "Кипящий океан", 
      "color": "6699CC",
      "pattern": {
        "type": "waves",
		"patternColor": "9DB1CC",
        "spacing": 2.5,
        "lineWidth": 0.1,
        "darkenFactor": 0.3,
        "opacity": 0.8
      }
    },
    { 
      "id": 5, 
      "name": "Льды", 
      "color": "E8F4FC",
      "pattern": {
        "type": "dots",
        "spacing": 2.5,
        "lineWidth": 0.25,
        "darkenFactor": 0.15,
        "opacity": 0.7
      }
    },
    { 
      "id": 6, 
      "name": "Замёрзшее болото", 
      "color": "A0B0C0",
      "pattern": {
        "type": "diagonal",
		"patternColor": "284828",
        "spacing": 1,
        "lineWidth": 0.5,
        "darkenFactor": 0.5,
        "opacity": 1
      }
    },
    { 
      "id": 7, 
      "name": "Болото", 
      "color": "1A5958",
      "pattern": {
        "type": "diagonal",
		"patternColor": "35502D",
        "spacing": 1,
        "lineWidth": 0.5,
        "darkenFactor": 0.5,
        "opacity": 1
      }
    },
    { 
      "id": 8, 
      "name": "Болотистые джунгли", 
      "color": "567858",
      "pattern": {
        "type": "diagonal",
		"patternColor": "556b2f",
        "spacing": 1,
        "lineWidth": 0.5,
        "darkenFactor": 0.5,
        "opacity": 1
      }
    },
    { 
      "id": 9, 
      "name": "Болото-суп", 
      "color": "4A5A30",
      "pattern": {
        "type": "diagonal",
		"patternColor": "35682D",
        "spacing": 1,
        "lineWidth": 0.5,
        "darkenFactor": 0.5,
        "opacity": 1
      }
    },
    { 
      "id": 10, 
      "name": "Замёрзший лес", 
      "color": "AFDAFC",
      "pattern": {
        "type": "diagonal",
		"patternColor": "C8D8E8",
        "spacing": 1,
        "lineWidth": 0.15,
        "darkenFactor": 0.35,
        "opacity": 1
      }
    },
    { 
      "id": 11, 
      "name": "Тайга", 
      "color": "284828",
      "pattern": {
        "type": "diagonal",
		"patternColor": "74883C",
        "spacing": 1,
        "lineWidth": 0.15,
        "darkenFactor": 0.35,
        "opacity": 1
      }
    },
    { 
      "id": 12, 
      "name": "Лиственный лес", 
      "color": "35682D",
      "pattern": {
        "type": "diagonal",
		"patternColor": "278E2A",
        "spacing": 1,
        "lineWidth": 0.15,
        "darkenFactor": 0.5,
        "opacity": 1
      }
    },
    { 
      "id": 13, 
      "name": "Джунгли", 
      "color": "556b2f",
      "pattern": {
        "type": "diagonal",
		"patternColor": "D1A36E",
        "spacing": 1,
        "lineWidth": 0.15,
        "darkenFactor": 0.5,
        "opacity": 1
      }
    },
    { 
      "id": 14, 
      "name": "Горелый лес", 
      "color": "484820",
      "pattern": {
        "type": "diagonal",
        "spacing": 1,
        "lineWidth": 0.15,
        "darkenFactor": 0.5,
        "opacity": 0.85
      }
    },
    { "id": 15, "name": "Мёрзлые земли", "color": "C8D8E8" },
    { "id": 16, "name": "Тундра", "color": "74883C" },
    { "id": 17, "name": "Луга", "color": "278E2A" },
    { "id": 18, "name": "Саванна", "color": "D1A36E"},
    { "id": 19, "name": "Чёрная трава", "color": "585830" },
    { 
      "id": 20, 
      "name": "Ледяная полупустыня", 
      "color": "D8E0E8",
      "pattern": {
        "type": "horizontal",
        "spacing": 0.5,
        "lineWidth": 0.05,
        "darkenFactor": 0.35,
        "opacity": 0.25
      }
    },
    { 
      "id": 21, 
      "name": "Холодная полупустыня", 
      "color": "C0B098",
      "pattern": {
        "type": "horizontal",
        "spacing": 0.5,
        "lineWidth": 0.05,
        "darkenFactor": 0.35,
        "opacity": 0.25
      }
    },
    { 
      "id": 22, 
      "name": "Степь", 
      "color": "B8A860",
      "pattern": {
        "type": "horizontal",
        "spacing": 0.5,
        "lineWidth": 0.05,
        "darkenFactor": 0.35,
        "opacity": 0.25
      }
    },
    { 
      "id": 23, 
      "name": "Жаркая полупустыня", 
      "color": "D8A850",
      "pattern": {
        "type": "horizontal",
        "spacing": 0.5,
        "lineWidth": 0.05,
        "darkenFactor": 0.35,
        "opacity": 0.25
      }
    },
    { 
      "id": 24, 
      "name": "Выжженая пустыня", 
      "color": "C08850",
      "pattern": {
        "type": "horizontal",
		"patternColor": "F75E25",
        "spacing": 0.5,
        "lineWidth": 0.05,
        "darkenFactor": 0.35,
        "opacity": 0.5
      }
    },
    { 
      "id": 25, 
      "name": "Иниевая пустошь", 
      "color": "E0E8E8",
      "pattern": {
        "type": "circles",
		"patternColor": "00BFFF",
        "spacing": 1.0,
        "lineWidth": 0.1,
        "darkenFactor": 0.25,
        "opacity": 0.7
      }
    },
    { 
      "id": 26, 
      "name": "Холодная пустыня", 
      "color": "D0C0A8"
    },
    { 
      "id": 27, 
      "name": "Пустошь", 
      "color": "C8B088"
    },
    { 
      "id": 28, 
      "name": "Жаркая пустыня", 
      "color": "E8C870"
    },
    { 
      "id": 29, 
      "name": "Шрам", 
      "color": "A04030",
      "pattern": {
        "type": "circles",
        "spacing": 2.0,
        "lineWidth": 0.4,
        "darkenFactor": 0.5,
        "opacity": 0.9
      }
    }
  ],
  "biomeParameters": {
    "0": { "moisture": 6, "temperature": 1, "name": "Айсберг" },
    "1": { "moisture": 6, "temperature": 2, "name": "Ледяной океан" },
    "2": { "moisture": 6, "temperature": 3, "name": "Океан" },
    "3": { "moisture": 6, "temperature": 4, "name": "Тёплый океан" },
    "4": { "moisture": 6, "temperature": 5, "name": "Кипящий океан" },
    "5": { "moisture": 5, "temperature": 1, "name": "Льды" },
    "6": { "moisture": 5, "temperature": 2, "name": "Замёрзшее болото" },
    "7": { "moisture": 5, "temperature": 3, "name": "Болото" },
    "8": { "moisture": 5, "temperature": 4, "name": "Болотистые джунгли" },
    "9": { "moisture": 5, "temperature": 5, "name": "Болото-суп" },
    "10": { "moisture": 4, "temperature": 1, "name": "Замёрзший лес" },
    "11": { "moisture": 4, "temperature": 2, "name": "Тайга" },
    "12": { "moisture": 4, "temperature": 3, "name": "Лиственный лес" },
    "13": { "moisture": 4, "temperature": 4, "name": "Джунгли" },
    "14": { "moisture": 4, "temperature": 5, "name": "Горелый лес" },
    "15": { "moisture": 3, "temperature": 1, "name": "Мёрзлые земли" },
    "16": { "moisture": 3, "temperature": 2, "name": "Тундра" },
    "17": { "moisture": 3, "temperature": 3, "name": "Луга" },
    "18": { "moisture": 3, "temperature": 4, "name": "Саванна" },
    "19": { "moisture": 3, "temperature": 5, "name": "Чёрная трава" },
    "20": { "moisture": 2, "temperature": 1, "name": "Ледяная полупустыня" },
    "21": { "moisture": 2, "temperature": 2, "name": "Холодная полупустыня" },
    "22": { "moisture": 2, "temperature": 3, "name": "Степь" },
    "23": { "moisture": 2, "temperature": 4, "name": "Жаркая полупустыня" },
    "24": { "moisture": 2, "temperature": 5, "name": "Выжженая пустыня" },
    "25": { "moisture": 1, "temperature": 1, "name": "Иниевая пустошь" },
    "26": { "moisture": 1, "temperature": 2, "name": "Холодная пустыня" },
    "27": { "moisture": 1, "temperature": 3, "name": "Пустошь" },
    "28": { "moisture": 1, "temperature": 4, "name": "Жаркая пустыня" },
    "29": { "moisture": 1, "temperature": 5, "name": "Шрам" }
  },
  "biomeMatrix": [
    { "tempRange": [1, 1], "moistRange": [6, 6], "biomeId": 0, "name": "Айсберг" },
    { "tempRange": [2, 2], "moistRange": [6, 6], "biomeId": 1, "name": "Ледяной океан" },
    { "tempRange": [3, 3], "moistRange": [6, 6], "biomeId": 2, "name": "Океан" },
    { "tempRange": [4, 4], "moistRange": [6, 6], "biomeId": 3, "name": "Тёплый океан" },
    { "tempRange": [5, 5], "moistRange": [6, 6], "biomeId": 4, "name": "Кипящий океан" },
    { "tempRange": [1, 1], "moistRange": [5, 5], "biomeId": 5, "name": "Льды" },
    { "tempRange": [2, 2], "moistRange": [5, 5], "biomeId": 6, "name": "Замёрзшее болото" },
    { "tempRange": [3, 3], "moistRange": [5, 5], "biomeId": 7, "name": "Болото" },
    { "tempRange": [4, 4], "moistRange": [5, 5], "biomeId": 8, "name": "Болотистые джунгли" },
    { "tempRange": [5, 5], "moistRange": [5, 5], "biomeId": 9, "name": "Болото-суп" },
    { "tempRange": [1, 1], "moistRange": [4, 4], "biomeId": 10, "name": "Замёрзший лес" },
    { "tempRange": [2, 2], "moistRange": [4, 4], "biomeId": 11, "name": "Тайга" },
    { "tempRange": [3, 3], "moistRange": [4, 4], "biomeId": 12, "name": "Лиственный лес" },
    { "tempRange": [4, 4], "moistRange": [4, 4], "biomeId": 13, "name": "Джунгли" },
    { "tempRange": [5, 5], "moistRange": [4, 4], "biomeId": 14, "name": "Горелый лес" },
    { "tempRange": [1, 1], "moistRange": [3, 3], "biomeId": 15, "name": "Мёрзлые земли" },
    { "tempRange": [2, 2], "moistRange": [3, 3], "biomeId": 16, "name": "Тундра" },
    { "tempRange": [3, 3], "moistRange": [3, 3], "biomeId": 17, "name": "Луга" },
    { "tempRange": [4, 4], "moistRange": [3, 3], "biomeId": 18, "name": "Саванна" },
    { "tempRange": [5, 5], "moistRange": [3, 3], "biomeId": 19, "name": "Чёрная трава" },
    { "tempRange": [1, 1], "moistRange": [2, 2], "biomeId": 20, "name": "Ледяная полупустыня" },
    { "tempRange": [2, 2], "moistRange": [2, 2], "biomeId": 21, "name": "Холодная полупустыня" },
    { "tempRange": [3, 3], "moistRange": [2, 2], "biomeId": 22, "name": "Степь" },
    { "tempRange": [4, 4], "moistRange": [2, 2], "biomeId": 23, "name": "Жаркая полупустыня" },
    { "tempRange": [5, 5], "moistRange": [2, 2], "biomeId": 24, "name": "Выжженая пустыня" },
    { "tempRange": [1, 1], "moistRange": [1, 1], "biomeId": 25, "name": "Иниевая пустошь" },
    { "tempRange": [2, 2], "moistRange": [1, 1], "biomeId": 26, "name": "Холодная пустыня" },
    { "tempRange": [3, 3], "moistRange": [1, 1], "biomeId": 27, "name": "Пустошь" },
    { "tempRange": [4, 4], "moistRange": [1, 1], "biomeId": 28, "name": "Жаркая пустыня" },
    { "tempRange": [5, 5], "moistRange": [1, 1], "biomeId": 29, "name": "Шрам" }
  ],
  "azgaarBiomeMappings": {
    "0": 2,
    "1": 23,
    "2": 20,
    "3": 18,
    "4": 17,
    "5": 8,
    "6": 12,
    "7": 13,
    "8": 12,
    "9": 11,
    "10": 16,
    "11": 5,
    "12": 7
  },
  "settings": {
    "defaultRenderMode": "filled",
    "fillAlpha": 0.5,
    "showBorders": false,
    "borderWidth": 1,
    "borderAlpha": 0.3,
    "borderColor": 0
  }
}
