{
  "version": 2,
  "defaultBiomeId": 17,
  "biomes": [
    { "id": 2, "renderRank": 100, "enabled": true },
    { "id": 5, "renderRank": 150, "enabled": true },
    { "id": 7, "renderRank": 200, "enabled": true },

    { "id": 13, "renderRank": 300, "enabled": true },
    { "id": 12, "renderRank": 320, "enabled": true },
    { "id": 11, "renderRank": 340, "enabled": true },

    { "id": 16, "renderRank": 400, "enabled": true },
    { "id": 17, "renderRank": 500, "enabled": true },
    { "id": 18, "renderRank": 520, "enabled": true },

    { "id": 22, "renderRank": 600, "enabled": true },
    { "id": 28, "renderRank": 700, "enabled": true },
    { "id": 27, "renderRank": 800, "enabled": true },
    { "id": 29, "renderRank": 900, "enabled": true }
  ],
  "legacyRemap": {
    "0": 5,
    "1": 2,
    "3": 2,
    "4": 2,

    "6": 7,
    "8": 7,
    "9": 7,

    "10": 11,
    "14": 27,

    "15": 16,
    "19": 17,

    "20": 16,
    "21": 22,
    "23": 22,

    "24": 28,
    "25": 27,
    "26": 28
  }
}
