{
  "contourLevels": [
    { "level": 0, "minHeight": 0, "maxHeight": 5, "color": "0x001166", "label": "Deep water" },
    { "level": 5, "minHeight": 5, "maxHeight": 10, "color": "0x002288", "label": "Water" },
    { "level": 10, "minHeight": 10, "maxHeight": 15, "color": "0x0044AA", "label": "Low water" },
    { "level": 15, "minHeight": 15, "maxHeight": 20, "color": "0x0066CC", "label": "Seaside" },
    { "level": 20, "minHeight": 20, "maxHeight": 25, "color": "0x0088AA", "label": "Coast" },
    { "level": 25, "minHeight": 25, "maxHeight": 30, "color": "0x00AA00", "label": "Coastal lowlands" },
    { "level": 30, "minHeight": 30, "maxHeight": 35, "color": "0x22BB00", "label": "Low plains" },
    { "level": 35, "minHeight": 35, "maxHeight": 40, "color": "0x44BB00", "label": "Plains" },
    { "level": 40, "minHeight": 40, "maxHeight": 45, "color": "0x66CC00", "label": "High plains" },
    { "level": 45, "minHeight": 45, "maxHeight": 50, "color": "0x88CC00", "label": "Elevated plains" },
    { "level": 50, "minHeight": 50, "maxHeight": 55, "color": "0xAAAA00", "label": "Low foothills" },
    { "level": 55, "minHeight": 55, "maxHeight": 60, "color": "0xBBAA00", "label": "Foothills" },
    { "level": 60, "minHeight": 60, "maxHeight": 65, "color": "0xBB9900", "label": "Hills" },
    { "level": 65, "minHeight": 65, "maxHeight": 70, "color": "0xCC9900", "label": "High hills" },
    { "level": 70, "minHeight": 70, "maxHeight": 75, "color": "0xCC8800", "label": "Mountains start" },
    { "level": 75, "minHeight": 75, "maxHeight": 80, "color": "0xDD8800", "label": "Low mountains" },
    { "level": 80, "minHeight": 80, "maxHeight": 85, "color": "0xDD7700", "label": "Mountains" },
    { "level": 85, "minHeight": 85, "maxHeight": 90, "color": "0xEE7700", "label": "High mountains" },
    { "level": 90, "minHeight": 90, "maxHeight": 95, "color": "0xFFAA77", "label": "Alpine" },
    { "level": 95, "minHeight": 95, "maxHeight": 100, "color": "0xFFFFFF", "label": "Peaks" }
  ],
  "settings": {
    "defaultRenderMode": "contours",
    "lineWidth": 2,
    "lineAlpha": 0.8,
    "fillAlpha": 0.3,
    "slopeHachures": true,
    "hachureLength": 10,
    "hachureSpacing": 20,
    "hachureWidth": 1,
    "filtering": {
      "enabled": true,
      "minElevationSize": 9,
      "minDepressionSize": 9
    }
  }
}
